s,p,shape[0],shape[1],backend,values type,events type,transpose,taichi aot time1(ms),taichi aot time2(ms),taichi aot time3(ms),taichi aot time4(ms),taichi aot time5(ms),taichi aot time6(ms),taichi aot time7(ms),taichi aot time8(ms),taichi aot time9(ms),taichi aot time10(ms),brainpy time1(ms),brainpy time2(ms),brainpy time3(ms),brainpy time4(ms),brainpy time5(ms),brainpy time6(ms),brainpy time7(ms),brainpy time8(ms),brainpy time9(ms),brainpy time10(ms)
"(1000, 1000)",0.5,1000,1000,cpu,homo,float,True,0.24747848510742188,0.24580955505371094,0.2574920654296875,0.3037452697753906,0.2536773681640625,0.24747848510742188,0.22721290588378906,0.28204917907714844,0.1804828643798828,0.17881393432617188,0.6084442138671875,0.6067752838134766,0.7421970367431641,0.6413459777832031,0.6299018859863281,0.6277561187744141,0.6074905395507812,0.6191730499267578,0.5891323089599609,0.5254745483398438
"(1000, 1000)",0.5,1000,1000,cpu,homo,float,False,0.08821487426757812,0.08726119995117188,0.08654594421386719,0.08869171142578125,0.08654594421386719,0.08845329284667969,0.08702278137207031,0.08630752563476562,0.08678436279296875,0.08654594421386719,1.82342529296875,1.8079280853271484,1.8935203552246094,1.310110092163086,1.1868476867675781,1.1932849884033203,1.1813640594482422,1.192331314086914,1.2309551239013672,1.2018680572509766
"(1000, 1000)",0.5,1000,1000,cpu,heter,float,True,0.16689300537109375,0.16999244689941406,0.1499652862548828,0.15974044799804688,0.16760826110839844,0.15163421630859375,0.17547607421875,0.1773834228515625,0.18334388732910156,0.1704692840576172,1.0631084442138672,4.119396209716797,1.0902881622314453,1.0747909545898438,1.2960433959960938,0.8487701416015625,0.6818771362304688,0.6754398345947266,0.9074211120605469,0.6830692291259766
"(1000, 1000)",0.5,1000,1000,cpu,heter,float,False,0.07510185241699219,0.07677078247070312,0.07414817810058594,0.07462501525878906,0.07390975952148438,0.07557868957519531,0.07510185241699219,0.07390975952148438,0.07414817810058594,0.07414817810058594,0.7174015045166016,0.6418228149414062,0.6971359252929688,0.70953369140625,0.6189346313476562,0.6628036499023438,0.7045269012451172,0.6237030029296875,0.7135868072509766,0.5917549133300781
"(1000, 2500)",0.5,1000,2500,cpu,homo,float,True,0.4062652587890625,0.3771781921386719,0.3905296325683594,0.34499168395996094,0.3459453582763672,0.37407875061035156,0.2815723419189453,0.3790855407714844,0.38552284240722656,0.35309791564941406,1.2433528900146484,1.2137889862060547,1.1980533599853516,3.865480422973633,0.8273124694824219,0.8134841918945312,0.8020401000976562,0.8356571197509766,0.8258819580078125,0.8330345153808594
"(1000, 2500)",0.5,1000,2500,cpu,homo,float,False,0.2951622009277344,0.2906322479248047,0.2884864807128906,0.3848075866699219,0.31757354736328125,0.335693359375,0.3139972686767578,0.31876564025878906,0.28586387634277344,0.2770423889160156,1.371145248413086,1.2738704681396484,1.2776851654052734,1.3837814331054688,1.3377666473388672,1.3277530670166016,1.3768672943115234,1.2733936309814453,1.3577938079833984,1.379251480102539
"(1000, 2500)",0.5,1000,2500,cpu,heter,float,True,0.2899169921875,0.2741813659667969,0.2961158752441406,0.29540061950683594,0.31113624572753906,0.27251243591308594,0.2830028533935547,0.30803680419921875,0.27179718017578125,0.32806396484375,1.6925334930419922,1.3554096221923828,3.164052963256836,1.3282299041748047,1.1889934539794922,1.1742115020751953,1.1789798736572266,1.1870861053466797,1.0008811950683594,0.8399486541748047
"(1000, 2500)",0.5,1000,2500,cpu,heter,float,False,0.1811981201171875,0.1747608184814453,0.18930435180664062,0.1800060272216797,0.1881122589111328,0.1800060272216797,0.18024444580078125,0.17881393432617188,0.1780986785888672,0.17786026000976562,1.6751289367675781,1.6734600067138672,1.6641616821289062,1.6796588897705078,1.5783309936523438,1.5535354614257812,1.668691635131836,1.6329288482666016,1.6646385192871094,1.5859603881835938
"(1000, 5000)",0.5,1000,5000,cpu,homo,float,True,0.4725456237792969,0.4830360412597656,0.5078315734863281,0.453948974609375,0.4413127899169922,0.4870891571044922,0.46253204345703125,0.4734992980957031,0.4813671112060547,0.4963874816894531,1.889944076538086,4.156589508056641,1.888275146484375,1.3420581817626953,1.4271736145019531,1.2619495391845703,1.2750625610351562,1.2826919555664062,1.2700557708740234,1.2602806091308594
"(1000, 5000)",0.5,1000,5000,cpu,homo,float,False,0.2574920654296875,0.2639293670654297,0.2491474151611328,0.2548694610595703,0.2460479736328125,0.25391578674316406,0.2453327178955078,0.2467632293701172,0.24700164794921875,0.24557113647460938,2.772808074951172,2.6247501373291016,2.4671554565429688,2.5506019592285156,2.4733543395996094,2.5098323822021484,2.5300979614257812,2.7153491973876953,2.5353431701660156,2.543926239013672
"(1000, 5000)",0.5,1000,5000,cpu,heter,float,True,0.5152225494384766,0.5183219909667969,0.4963874816894531,0.4856586456298828,0.49948692321777344,0.4940032958984375,0.48613548278808594,0.4742145538330078,0.4684925079345703,0.4963874816894531,1.9702911376953125,1.9106864929199219,1.9214153289794922,1.8837451934814453,1.9121170043945312,1.3418197631835938,2.5396347045898438,1.394510269165039,1.4791488647460938,1.544952392578125
"(1000, 5000)",0.5,1000,5000,cpu,heter,float,False,0.3101825714111328,0.30875205993652344,0.32973289489746094,0.3116130828857422,0.3173351287841797,0.3161430358886719,0.308990478515625,0.3154277801513672,0.31495094299316406,0.3070831298828125,3.050565719604492,2.9878616333007812,2.9320716857910156,2.9811859130859375,3.047466278076172,3.0133724212646484,2.9778480529785156,2.9969215393066406,2.8972625732421875,3.0519962310791016
"(1000, 10000)",0.5,1000,10000,cpu,homo,float,True,0.865936279296875,0.8373260498046875,0.8420944213867188,0.8530616760253906,0.8428096771240234,0.8678436279296875,0.81634521484375,0.8571147918701172,0.823974609375,0.8833408355712891,2.360105514526367,2.3403167724609375,2.393960952758789,3.2203197479248047,1.6963481903076172,1.6455650329589844,1.6334056854248047,1.6324520111083984,1.5785694122314453,1.4510154724121094
"(1000, 10000)",0.5,1000,10000,cpu,homo,float,False,0.4611015319824219,0.4527568817138672,0.4734992980957031,0.45609474182128906,0.4668235778808594,0.45490264892578125,0.4622936248779297,0.44989585876464844,0.44083595275878906,0.4520416259765625,5.370378494262695,5.119562149047852,5.102634429931641,5.067348480224609,5.018711090087891,5.16510009765625,5.099773406982422,5.001306533813477,5.875110626220703,15.973806381225586
"(1000, 10000)",0.5,1000,10000,cpu,heter,float,True,0.9217262268066406,0.8835792541503906,0.8528232574462891,0.8826255798339844,0.8485317230224609,0.8981227874755859,0.858306884765625,1.2156963348388672,0.8754730224609375,0.9558200836181641,3.1638145446777344,3.021240234375,2.2287368774414062,2.045154571533203,2.9125213623046875,2.1300315856933594,2.0220279693603516,2.0635128021240234,2.0301342010498047,2.0563602447509766
"(1000, 10000)",0.5,1000,10000,cpu,heter,float,False,0.6151199340820312,0.6096363067626953,0.5998611450195312,0.6170272827148438,0.6029605865478516,0.6058216094970703,0.6105899810791016,0.6091594696044922,0.6086826324462891,0.5998611450195312,6.152153015136719,6.408929824829102,6.209850311279297,6.138801574707031,6.281852722167969,6.318330764770508,6.391048431396484,6.3533782958984375,6.2313079833984375,6.376981735229492
"(1000, 25000)",0.5,1000,25000,cpu,homo,float,True,1.920938491821289,1.970052719116211,2.0635128021240234,2.0682811737060547,2.046823501586914,1.9822120666503906,1.978158950805664,2.1500587463378906,2.308368682861328,2.0999908447265625,3.520965576171875,3.3273696899414062,3.247976303100586,4.878520965576172,3.339052200317383,3.358125686645508,3.324747085571289,4.114389419555664,3.3690929412841797,3.2567977905273438
"(1000, 25000)",0.5,1000,25000,cpu,homo,float,False,1.0876655578613281,1.0933876037597656,1.1119842529296875,1.0933876037597656,1.1286735534667969,1.0919570922851562,1.0929107666015625,1.1029243469238281,1.0879039764404297,1.0917186737060547,12.941837310791016,13.209819793701172,13.178825378417969,13.134241104125977,13.220071792602539,12.883424758911133,12.97140121459961,12.98666000366211,13.039588928222656,12.830972671508789
"(1000, 25000)",0.5,1000,25000,cpu,heter,float,True,2.3148059844970703,2.2215843200683594,2.3391246795654297,2.2013187408447266,2.1386146545410156,1.6627311706542969,2.138376235961914,2.1665096282958984,2.3152828216552734,2.2933483123779297,5.725622177124023,4.8427581787109375,4.814624786376953,6.263494491577148,4.9037933349609375,4.820346832275391,5.706071853637695,4.899024963378906,4.843235015869141,5.743503570556641
"(1000, 25000)",0.5,1000,25000,cpu,heter,float,False,1.3265609741210938,1.3289451599121094,1.3620853424072266,1.4429092407226562,1.3377666473388672,1.4472007751464844,1.4255046844482422,1.3394355773925781,1.4383792877197266,1.4293193817138672,15.487432479858398,15.476703643798828,15.546798706054688,15.563249588012695,15.60831069946289,15.722274780273438,15.599250793457031,15.746593475341797,15.67530632019043,16.04294776916504
"(1000, 37500)",0.5,1000,37500,cpu,homo,float,True,3.0317306518554688,3.061056137084961,3.090381622314453,3.0336380004882812,2.5589466094970703,3.0934810638427734,2.706289291381836,3.304004669189453,3.206014633178711,3.0405521392822266,5.623579025268555,4.900455474853516,4.906892776489258,5.738496780395508,4.882335662841797,4.911899566650391,5.857706069946289,4.89044189453125,4.89354133605957,4.812002182006836
"(1000, 37500)",0.5,1000,37500,cpu,homo,float,False,1.6238689422607422,1.5969276428222656,1.5912055969238281,1.4891624450683594,1.5802383422851562,1.5892982482910156,1.6095638275146484,1.5740394592285156,1.4901161193847656,1.5132427215576172,19.38462257385254,19.553184509277344,19.289016723632812,19.58012580871582,19.454002380371094,19.444704055786133,19.53291893005371,19.593477249145508,19.439220428466797,19.561767578125
"(1000, 37500)",0.5,1000,37500,cpu,heter,float,True,3.5390853881835938,2.2711753845214844,3.2291412353515625,3.1566619873046875,1.9540786743164062,3.031015396118164,3.252744674682617,2.316713333129883,3.256082534790039,2.3849010467529297,8.319616317749023,7.075309753417969,8.048057556152344,7.0552825927734375,7.977008819580078,7.143497467041016,7.154703140258789,8.198976516723633,7.1735382080078125,8.279800415039062
"(1000, 37500)",0.5,1000,37500,cpu,heter,float,False,4.485130310058594,4.503488540649414,3.1960010528564453,2.978801727294922,2.992391586303711,2.674579620361328,2.117633819580078,2.043008804321289,2.0537376403808594,2.097606658935547,23.535966873168945,23.79012107849121,23.74434471130371,23.848295211791992,23.745059967041016,23.83565902709961,24.094343185424805,23.802757263183594,23.891448974609375,23.910999298095703
"(1000, 50000)",0.5,1000,50000,cpu,homo,float,True,3.846406936645508,3.311634063720703,3.90625,3.5855770111083984,3.937244415283203,3.946065902709961,5.666017532348633,4.23121452331543,4.022359848022461,4.173040390014648,7.659435272216797,6.442070007324219,7.492542266845703,6.385564804077148,6.387948989868164,7.481813430786133,6.374359130859375,7.554531097412109,6.546735763549805,7.206201553344727
"(1000, 50000)",0.5,1000,50000,cpu,homo,float,False,2.2056102752685547,2.1750926971435547,2.1295547485351562,2.046346664428711,2.114534378051758,2.0444393157958984,2.047300338745117,2.144336700439453,2.1429061889648438,2.0186901092529297,26.45087242126465,26.462316513061523,26.285648345947266,26.65567398071289,26.292085647583008,26.500940322875977,26.646137237548828,26.28159523010254,26.306629180908203,26.253223419189453
"(1000, 50000)",0.5,1000,50000,cpu,heter,float,True,3.597259521484375,4.23121452331543,2.8913021087646484,3.378152847290039,3.798961639404297,2.9556751251220703,3.3576488494873047,3.793478012084961,3.9567947387695312,3.6704540252685547,9.501218795776367,10.592222213745117,10.616064071655273,9.584665298461914,10.923624038696289,9.619474411010742,10.578393936157227,10.625123977661133,9.488821029663086,10.928630828857422
"(1000, 50000)",0.5,1000,50000,cpu,heter,float,False,2.849102020263672,2.9375553131103516,2.9294490814208984,2.7780532836914062,2.7756690979003906,2.835988998413086,2.695798873901367,2.9311180114746094,2.9175281524658203,2.804994583129883,32.93800354003906,32.610177993774414,32.72104263305664,32.52673149108887,32.78303146362305,32.82761573791504,32.84716606140137,32.593727111816406,32.624244689941406,32.38534927368164
"(2500, 1000)",0.5,2500,1000,cpu,homo,float,True,0.29754638671875,0.2608299255371094,0.3027915954589844,0.4048347473144531,0.31948089599609375,0.2875328063964844,0.2994537353515625,0.2727508544921875,0.25343894958496094,0.25844573974609375,1.3108253479003906,1.4393329620361328,1.3146400451660156,3.9069652557373047,0.8599758148193359,0.8726119995117188,0.8535385131835938,0.8876323699951172,0.9284019470214844,0.8556842803955078
"(2500, 1000)",0.5,2500,1000,cpu,homo,float,False,0.11229515075683594,0.11038780212402344,0.11157989501953125,0.110626220703125,0.11157989501953125,0.11038780212402344,0.11110305786132812,0.11014938354492188,0.10991096496582031,0.11038780212402344,2.0322799682617188,2.2084712982177734,2.190828323364258,2.2344589233398438,2.201080322265625,1.4472007751464844,1.4448165893554688,1.4307498931884766,1.4290809631347656,1.4269351959228516
"(2500, 1000)",0.5,2500,1000,cpu,heter,float,True,0.21457672119140625,0.1900196075439453,0.1926422119140625,0.2818107604980469,0.1895427703857422,0.20360946655273438,0.2491474151611328,0.1842975616455078,0.18072128295898438,0.2002716064453125,1.5707015991210938,1.5113353729248047,1.4727115631103516,3.3044815063476562,1.0085105895996094,1.0018348693847656,1.0182857513427734,1.028299331665039,1.0154247283935547,1.0170936584472656
"(2500, 1000)",0.5,2500,1000,cpu,heter,float,False,0.15306472778320312,0.14972686767578125,0.14901161193847656,0.14972686767578125,0.14853477478027344,0.1480579376220703,0.15926361083984375,0.1513957977294922,0.14853477478027344,0.14734268188476562,1.6150474548339844,1.6341209411621094,1.6248226165771484,1.6207695007324219,1.6057491302490234,1.5778541564941406,1.6019344329833984,1.6450881958007812,1.5676021575927734,1.6238689422607422
"(2500, 2500)",0.5,2500,2500,cpu,homo,float,True,0.33664703369140625,0.3142356872558594,0.2949237823486328,0.36907196044921875,0.30422210693359375,0.3161430358886719,0.29397010803222656,0.29015541076660156,0.33164024353027344,0.335693359375,2.0020008087158203,3.4415721893310547,1.3623237609863281,1.374959945678711,1.4224052429199219,1.3484954833984375,1.3475418090820312,1.3480186462402344,1.1816024780273438,0.9510517120361328
"(2500, 2500)",0.5,2500,2500,cpu,homo,float,False,0.2913475036621094,0.2899169921875,0.28896331787109375,0.316619873046875,0.2899169921875,0.29087066650390625,0.2899169921875,0.28896331787109375,0.2894401550292969,0.2899169921875,2.965688705444336,3.0183792114257812,3.123760223388672,3.096342086791992,3.1495094299316406,2.9587745666503906,3.078460693359375,3.085613250732422,3.1201839447021484,2.9594898223876953
"(2500, 2500)",0.5,2500,2500,cpu,heter,float,True,0.31757354736328125,0.3159046173095703,0.3478527069091797,0.5128383636474609,0.3349781036376953,0.3192424774169922,0.33211708068847656,0.37360191345214844,0.33473968505859375,0.33855438232421875,2.5594234466552734,1.837015151977539,2.899169921875,2.176523208618164,1.8281936645507812,1.5137195587158203,1.3158321380615234,1.3158321380615234,1.3227462768554688,1.313924789428711
"(2500, 2500)",0.5,2500,2500,cpu,heter,float,False,0.3705024719238281,0.36978721618652344,0.3516674041748047,0.3800392150878906,0.3657341003417969,0.3669261932373047,0.3685951232910156,0.38313865661621094,0.4737377166748047,0.38743019104003906,3.849506378173828,3.8573741912841797,3.7610530853271484,3.7152767181396484,3.7195682525634766,3.8738250732421875,3.656625747680664,3.800630569458008,3.6780834197998047,3.799915313720703
"(2500, 5000)",0.5,2500,5000,cpu,homo,float,True,0.5259513854980469,0.5321502685546875,0.5085468292236328,0.5376338958740234,0.5078315734863281,0.49495697021484375,0.47850608825683594,0.499725341796875,0.6246566772460938,0.4849433898925781,4.043102264404297,2.5827884674072266,2.5358200073242188,2.3016929626464844,2.1066665649414062,1.8603801727294922,1.7595291137695312,2.573251724243164,2.107858657836914,1.8162727355957031
"(2500, 5000)",0.5,2500,5000,cpu,homo,float,False,0.5283355712890625,0.5156993865966797,0.514984130859375,0.5304813385009766,0.5133152008056641,0.5145072937011719,0.5376338958740234,0.5135536193847656,0.5369186401367188,0.5140304565429688,6.153345108032227,5.966424942016602,6.177663803100586,6.064891815185547,5.937337875366211,6.200075149536133,6.119489669799805,5.887031555175781,6.148338317871094,5.914926528930664
"(2500, 5000)",0.5,2500,5000,cpu,heter,float,True,0.5371570587158203,0.5106925964355469,0.51116943359375,0.5691051483154297,0.6301403045654297,0.7627010345458984,0.6763935089111328,0.5388259887695312,0.5283355712890625,0.5230903625488281,2.833843231201172,2.5615692138671875,2.5920867919921875,3.4062862396240234,4.939794540405273,2.4852752685546875,2.5894641876220703,2.4995803833007812,3.2529830932617188,2.487659454345703
"(2500, 5000)",0.5,2500,5000,cpu,heter,float,False,0.614166259765625,0.7092952728271484,0.6189346313476562,0.7190704345703125,0.6382465362548828,0.7085800170898438,0.6160736083984375,0.6835460662841797,0.6299018859863281,0.7188320159912109,7.372379302978516,7.452964782714844,7.261514663696289,7.494449615478516,7.288455963134766,7.420539855957031,7.30133056640625,7.3451995849609375,7.394552230834961,7.452964782714844
"(2500, 10000)",0.5,2500,10000,cpu,homo,float,True,0.8914470672607422,0.9081363677978516,1.0712146759033203,1.0387897491455078,1.0557174682617188,1.0046958923339844,1.1692047119140625,1.3875961303710938,1.077413558959961,1.1920928955078125,3.8461685180664062,4.08482551574707,3.3063888549804688,3.3147335052490234,3.2999515533447266,3.2415390014648438,4.202365875244141,3.310680389404297,3.3969879150390625,3.308534622192383
"(2500, 10000)",0.5,2500,10000,cpu,homo,float,False,0.9357929229736328,0.8933544158935547,0.9136199951171875,0.8962154388427734,0.8852481842041016,0.8871555328369141,0.8862018585205078,0.8995532989501953,0.9362697601318359,0.8873939514160156,12.51673698425293,12.408733367919922,12.306928634643555,12.279033660888672,12.311220169067383,12.325763702392578,12.037515640258789,12.564420700073242,12.232303619384766,12.552976608276367
"(2500, 10000)",0.5,2500,10000,cpu,heter,float,True,0.9608268737792969,0.9522438049316406,0.9326934814453125,0.9248256683349609,0.9355545043945312,0.9381771087646484,0.9288787841796875,0.9312629699707031,1.7962455749511719,1.004934310913086,4.891633987426758,4.915475845336914,4.891633987426758,5.462169647216797,4.84776496887207,4.787683486938477,5.442380905151367,4.821062088012695,4.829645156860352,5.442142486572266
"(2500, 10000)",0.5,2500,10000,cpu,heter,float,False,1.2433528900146484,1.237630844116211,1.2614727020263672,1.2269020080566406,1.2159347534179688,1.392364501953125,4.282951354980469,4.311561584472656,4.344463348388672,4.083395004272461,15.161514282226562,15.040159225463867,15.308618545532227,15.238523483276367,15.162467956542969,15.182256698608398,15.421390533447266,15.170574188232422,15.270471572875977,15.38848876953125
"(2500, 25000)",0.5,2500,25000,cpu,homo,float,True,2.2346973419189453,2.223968505859375,2.210855484008789,2.256155014038086,3.3092498779296875,2.2580623626708984,2.2420883178710938,3.1898021697998047,2.242565155029297,2.2194385528564453,7.930755615234375,8.960723876953125,7.999897003173828,8.625507354736328,7.938146591186523,8.840560913085938,7.935762405395508,8.740663528442383,8.249044418334961,8.654356002807617
"(2500, 25000)",0.5,2500,25000,cpu,homo,float,False,2.628803253173828,2.407073974609375,2.4170875549316406,2.4569034576416016,2.362966537475586,2.3641586303710938,2.4251937866210938,2.385377883911133,2.488851547241211,2.458810806274414,32.169342041015625,32.24015235900879,32.364606857299805,31.868696212768555,32.18841552734375,31.86511993408203,31.992197036743164,32.06133842468262,32.17625617980957,32.160043716430664
"(2500, 25000)",0.5,2500,25000,cpu,heter,float,True,2.197265625,2.2199153900146484,2.1648406982421875,2.265453338623047,2.2726058959960938,3.08990478515625,2.247333526611328,2.811908721923828,2.7539730072021484,2.3071765899658203,13.428688049316406,13.18502426147461,13.067483901977539,12.058496475219727,13.271570205688477,13.475656509399414,13.543128967285156,11.919736862182617,13.463735580444336,13.020038604736328
"(2500, 25000)",0.5,2500,25000,cpu,heter,float,False,3.8335323333740234,3.336668014526367,3.326416015625,3.487825393676758,3.461599349975586,3.443002700805664,3.381490707397461,3.405332565307617,3.2880306243896484,3.446340560913086,39.63065147399902,39.873361587524414,40.12560844421387,39.90793228149414,39.9782657623291,40.17162322998047,40.144920349121094,40.061235427856445,40.200233459472656,40.221452713012695
"(2500, 37500)",0.5,2500,37500,cpu,homo,float,True,3.0350685119628906,3.2935142517089844,3.1294822692871094,2.943277359008789,3.526449203491211,3.151416778564453,4.593372344970703,3.3097267150878906,3.258228302001953,3.6323070526123047,13.386726379394531,13.350248336791992,12.066364288330078,13.413667678833008,12.959718704223633,12.910842895507812,12.028932571411133,13.231754302978516,12.968063354492188,12.972354888916016
"(2500, 37500)",0.5,2500,37500,cpu,homo,float,False,3.8611888885498047,3.880739212036133,3.7539005279541016,3.8433074951171875,3.8690567016601562,3.828287124633789,3.7615299224853516,3.7446022033691406,3.8597583770751953,3.835916519165039,49.85690116882324,49.70860481262207,49.67355728149414,49.22795295715332,49.41987991333008,49.55172538757324,49.18360710144043,49.2856502532959,49.20649528503418,48.691749572753906
"(2500, 37500)",0.5,2500,37500,cpu,heter,float,True,3.208160400390625,4.875659942626953,3.938913345336914,3.302335739135742,4.445075988769531,3.307819366455078,3.3333301544189453,3.3957958221435547,3.126859664916992,3.133535385131836,19.049406051635742,19.181251525878906,18.785715103149414,19.837617874145508,19.16956901550293,18.93162727355957,18.949270248413086,18.948078155517578,19.367218017578125,18.841266632080078
"(2500, 37500)",0.5,2500,37500,cpu,heter,float,False,5.240917205810547,5.178689956665039,5.204677581787109,5.211353302001953,5.158901214599609,5.280494689941406,5.192756652832031,7.1620941162109375,5.214691162109375,5.304813385009766,60.84489822387695,61.150550842285156,60.24503707885742,60.74380874633789,60.590267181396484,61.50531768798828,60.84156036376953,61.18464469909668,61.21540069580078,61.42377853393555
"(2500, 50000)",0.5,2500,50000,cpu,homo,float,True,4.461050033569336,4.312753677368164,4.115819931030273,3.9954185485839844,4.298686981201172,4.971742630004883,3.6444664001464844,4.845857620239258,4.001140594482422,4.180431365966797,17.061471939086914,17.119646072387695,17.066478729248047,17.26555824279785,17.094135284423828,17.07005500793457,17.36903190612793,17.01974868774414,17.11440086364746,17.090797424316406
"(2500, 50000)",0.5,2500,50000,cpu,homo,float,False,5.285739898681641,5.270719528198242,5.168437957763672,5.324840545654297,7.449150085449219,5.157709121704102,5.133390426635742,5.2967071533203125,5.292415618896484,5.186796188354492,66.25938415527344,66.65515899658203,66.97273254394531,66.33448600769043,66.26582145690918,66.44392013549805,65.93585014343262,65.9024715423584,65.96875190734863,65.48190116882324
"(2500, 50000)",0.5,2500,50000,cpu,heter,float,True,6.029367446899414,5.080699920654297,6.520271301269531,4.395484924316406,4.700899124145508,5.260705947875977,5.627155303955078,5.6133270263671875,4.45103645324707,4.41431999206543,26.19194984436035,24.34825897216797,26.207447052001953,24.611234664916992,26.92556381225586,24.87349510192871,25.81644058227539,24.374723434448242,25.613069534301758,24.466753005981445
"(2500, 50000)",0.5,2500,50000,cpu,heter,float,False,7.027149200439453,6.845951080322266,7.0934295654296875,7.091760635375977,6.943702697753906,7.038116455078125,6.821155548095703,6.913185119628906,6.988048553466797,6.734609603881836,82.59797096252441,81.29143714904785,81.33649826049805,81.90083503723145,82.02624320983887,82.19027519226074,82.3056697845459,82.24129676818848,82.44752883911133,82.16023445129395
"(5000, 1000)",0.5,5000,1000,cpu,homo,float,True,0.2033710479736328,0.19073486328125,0.3495216369628906,0.3371238708496094,0.2827644348144531,0.26607513427734375,0.2777576446533203,0.2627372741699219,0.4107952117919922,0.4062652587890625,4.267454147338867,1.9862651824951172,1.3248920440673828,1.332998275756836,1.3496875762939453,1.3239383697509766,1.5017986297607422,1.3608932495117188,1.0335445404052734,0.9832382202148438
"(5000, 1000)",0.5,5000,1000,cpu,homo,float,False,0.21600723266601562,0.1971721649169922,0.1914501190185547,0.1888275146484375,0.18858909606933594,0.18858909606933594,0.1888275146484375,0.18930435180664062,0.18906593322753906,0.1888275146484375,2.440214157104492,2.4263858795166016,2.5148391723632812,2.512693405151367,2.544879913330078,2.538919448852539,2.3584365844726562,2.477884292602539,2.4263858795166016,2.527952194213867
"(5000, 1000)",0.5,5000,1000,cpu,heter,float,True,0.3082752227783203,0.3066062927246094,0.270843505859375,0.2143383026123047,0.3027915954589844,0.2930164337158203,0.2961158752441406,0.33736228942871094,0.3509521484375,0.3712177276611328,2.422809600830078,2.3069381713867188,2.880096435546875,1.9550323486328125,1.8901824951171875,2.562999725341797,1.8031597137451172,1.4071464538574219,1.4653205871582031,1.3484954833984375
"(5000, 1000)",0.5,5000,1000,cpu,heter,float,False,0.5717277526855469,0.5674362182617188,0.5662441253662109,0.5664825439453125,0.5674362182617188,0.5676746368408203,0.576019287109375,0.5886554718017578,0.39005279541015625,0.38933753967285156,3.112316131591797,3.0977725982666016,2.964019775390625,2.864360809326172,2.9380321502685547,2.999544143676758,2.9637813568115234,2.980947494506836,2.967357635498047,2.796173095703125
"(5000, 2500)",0.5,5000,2500,cpu,homo,float,True,0.4222393035888672,0.3974437713623047,0.47779083251953125,0.3898143768310547,0.4286766052246094,0.4017353057861328,0.43320655822753906,0.4363059997558594,0.438690185546875,0.4322528839111328,2.520322799682617,3.1304359436035156,2.288818359375,2.1555423736572266,1.8744468688964844,1.7750263214111328,1.745462417602539,1.9469261169433594,1.7096996307373047,1.7261505126953125
"(5000, 2500)",0.5,5000,2500,cpu,homo,float,False,0.5145072937011719,0.5693435668945312,0.5588531494140625,0.5559921264648438,0.5593299865722656,0.5578994750976562,0.5567073822021484,0.5536079406738281,0.5948543548583984,0.5619525909423828,6.025791168212891,5.981206893920898,6.211042404174805,6.022930145263672,5.872011184692383,6.138801574707031,5.961894989013672,6.007671356201172,6.25157356262207,6.001710891723633
"(5000, 2500)",0.5,5000,2500,cpu,heter,float,True,0.46062469482421875,0.43892860412597656,0.3895759582519531,0.46634674072265625,0.4265308380126953,0.4429817199707031,0.45561790466308594,0.4024505615234375,0.38623809814453125,0.4513263702392578,2.8731822967529297,2.346038818359375,2.3546218872070312,2.3453235626220703,2.337217330932617,2.337932586669922,3.2889842987060547,2.3615360260009766,2.343893051147461,2.351999282836914
"(5000, 2500)",0.5,5000,2500,cpu,heter,float,False,1.069784164428711,0.9531974792480469,0.9810924530029297,1.009225845336914,1.6732215881347656,0.9756088256835938,0.9632110595703125,0.9634494781494141,1.2955665588378906,0.9090900421142578,7.574319839477539,7.642507553100586,7.580280303955078,7.6618194580078125,7.549524307250977,7.580041885375977,7.648706436157227,7.483482360839844,7.686138153076172,7.615327835083008
"(5000, 5000)",0.5,5000,5000,cpu,homo,float,True,0.8039474487304688,0.7584095001220703,1.020669937133789,0.8165836334228516,0.7574558258056641,0.8029937744140625,0.8594989776611328,0.6043910980224609,0.7317066192626953,0.6282329559326172,4.172563552856445,3.283262252807617,3.2546520233154297,3.4551620483398438,3.2477378845214844,4.0493011474609375,3.460407257080078,3.2231807708740234,3.2236576080322266,3.222227096557617
"(5000, 5000)",0.5,5000,5000,cpu,homo,float,False,0.9462833404541016,0.8580684661865234,0.8947849273681641,0.8523464202880859,0.8504390716552734,0.8592605590820312,0.8523464202880859,0.8509159088134766,0.8523464202880859,0.8542537689208984,11.96908950805664,11.831283569335938,11.845827102661133,11.912822723388672,12.060403823852539,11.812686920166016,11.784076690673828,11.931180953979492,11.611700057983398,11.778116226196289
"(5000, 5000)",0.5,5000,5000,cpu,heter,float,True,0.7054805755615234,0.6833076477050781,0.6890296936035156,0.6673336029052734,0.6611347198486328,0.6606578826904297,0.6811618804931641,0.6439685821533203,0.9000301361083984,0.6663799285888672,5.498647689819336,4.587650299072266,4.650354385375977,5.333185195922852,4.760503768920898,4.573345184326172,4.584074020385742,5.623340606689453,4.668712615966797,4.663944244384766
"(5000, 5000)",0.5,5000,5000,cpu,heter,float,False,1.1625289916992188,1.2149810791015625,1.1565685272216797,1.1768341064453125,1.1780261993408203,1.1515617370605469,1.1491775512695312,1.1425018310546875,1.1568069458007812,1.1856555938720703,15.13981819152832,14.846324920654297,14.80412483215332,14.844417572021484,15.016794204711914,15.005111694335938,14.922857284545898,15.008211135864258,14.811038970947266,15.050411224365234
"(5000, 10000)",0.5,5000,10000,cpu,homo,float,True,1.0159015655517578,1.291036605834961,1.7254352569580078,1.2047290802001953,1.2660026550292969,1.6825199127197266,1.107931137084961,1.2881755828857422,1.2671947479248047,1.2662410736083984,7.806062698364258,7.385969161987305,6.449222564697266,6.458759307861328,7.289648056030273,6.509065628051758,7.365703582763672,6.565332412719727,6.308555603027344,7.361173629760742
"(5000, 10000)",0.5,5000,10000,cpu,homo,float,False,1.7535686492919922,1.6808509826660156,1.7194747924804688,1.7647743225097656,1.8036365509033203,1.7750263214111328,1.7879009246826172,1.795053482055664,1.7924308776855469,1.7499923706054688,24.333715438842773,24.407148361206055,24.214744567871094,24.46603775024414,24.375438690185547,24.31488037109375,24.447202682495117,24.286746978759766,24.544239044189453,24.58810806274414
"(5000, 10000)",0.5,5000,10000,cpu,heter,float,True,1.3530254364013672,0.9775161743164062,1.337289810180664,0.9663105010986328,1.069784164428711,1.3098716735839844,1.3592243194580078,1.3723373413085938,1.2481212615966797,1.0254383087158203,10.595083236694336,10.148286819458008,10.690450668334961,9.43446159362793,10.981082916259766,10.96963882446289,9.558677673339844,10.810613632202148,9.680986404418945,10.570526123046875
"(5000, 10000)",0.5,5000,10000,cpu,heter,float,False,2.535581588745117,2.5136470794677734,2.4437904357910156,2.523660659790039,2.5560855865478516,2.657651901245117,2.603292465209961,2.4747848510742188,2.513885498046875,2.4683475494384766,31.116485595703125,30.93695640563965,31.186342239379883,31.22878074645996,31.194448471069336,31.08525276184082,31.16774559020996,31.256437301635742,31.235933303833008,31.189918518066406
"(5000, 25000)",0.5,5000,25000,cpu,homo,float,True,3.2091140747070312,3.0837059020996094,2.710103988647461,3.2067298889160156,2.8846263885498047,2.974987030029297,3.3206939697265625,3.1070709228515625,3.0965805053710938,2.5250911712646484,17.027616500854492,17.234086990356445,17.217159271240234,17.256498336791992,17.347335815429688,17.243146896362305,17.273426055908203,17.2119140625,17.2119140625,18.574953079223633
"(5000, 25000)",0.5,5000,25000,cpu,homo,float,False,4.996776580810547,5.027055740356445,5.00178337097168,4.792213439941406,5.094051361083984,4.839420318603516,4.8961639404296875,5.097866058349609,4.897117614746094,4.8370361328125,65.15049934387207,64.75567817687988,64.76736068725586,65.83857536315918,65.17243385314941,64.74113464355469,64.8350715637207,64.3618106842041,64.59188461303711,65.1240348815918
"(5000, 25000)",0.5,5000,25000,cpu,heter,float,True,3.2308101654052734,3.2775402069091797,3.3006668090820312,3.3059120178222656,3.3369064331054688,3.390789031982422,3.0629634857177734,3.083467483520508,3.3066272735595703,3.4193992614746094,26.129722595214844,24.674177169799805,25.403261184692383,24.306535720825195,25.678157806396484,24.54233169555664,26.188135147094727,24.776458740234375,25.5582332611084,24.645328521728516
"(5000, 25000)",0.5,5000,25000,cpu,heter,float,False,6.743192672729492,6.635904312133789,6.583929061889648,6.778240203857422,6.583213806152344,6.646394729614258,6.697654724121094,6.481409072875977,6.84046745300293,6.610393524169922,80.10506629943848,79.8332691192627,79.42748069763184,80.08909225463867,79.19907569885254,79.06818389892578,78.7191390991211,79.59675788879395,79.88452911376953,79.9860954284668
"(5000, 37500)",0.5,5000,37500,cpu,homo,float,True,4.377603530883789,4.208564758300781,3.9191246032714844,3.718852996826172,3.4143924713134766,3.537416458129883,4.26483154296875,3.9052963256835938,3.826141357421875,4.898548126220703,25.880813598632812,25.42710304260254,26.105642318725586,25.145769119262695,26.23748779296875,26.524782180786133,25.911808013916016,24.976253509521484,26.386260986328125,24.883031845092773
"(5000, 37500)",0.5,5000,37500,cpu,homo,float,False,7.736682891845703,8.126974105834961,7.755279541015625,8.03828239440918,7.68280029296875,7.898807525634766,7.72547721862793,7.646799087524414,7.924795150756836,7.616996765136719,98.68288040161133,99.28297996520996,99.5790958404541,98.16884994506836,99.47538375854492,99.90406036376953,99.0290641784668,98.56390953063965,98.8004207611084,99.7931957244873
"(5000, 37500)",0.5,5000,37500,cpu,heter,float,True,4.523277282714844,3.5300254821777344,5.559206008911133,3.9916038513183594,4.9896240234375,4.917621612548828,4.921913146972656,4.598855972290039,4.021406173706055,3.4186840057373047,38.44499588012695,37.12320327758789,37.17494010925293,37.30916976928711,39.11948204040527,37.29701042175293,37.45460510253906,37.19949722290039,38.24043273925781,37.40692138671875
"(5000, 37500)",0.5,5000,37500,cpu,heter,float,False,10.233640670776367,10.104656219482422,10.012149810791016,10.282039642333984,9.931802749633789,10.327339172363281,10.273456573486328,10.111093521118164,10.31184196472168,9.957313537597656,123.43835830688477,123.2762336730957,124.08018112182617,123.96240234375,123.94404411315918,124.05824661254883,123.29840660095215,123.7030029296875,123.32320213317871,123.64864349365234
"(5000, 50000)",0.5,5000,50000,cpu,homo,float,True,5.950689315795898,5.143165588378906,5.791425704956055,5.503654479980469,4.846334457397461,4.333972930908203,6.439208984375,4.840373992919922,6.308555603027344,5.957365036010742,33.95438194274902,33.962249755859375,33.88357162475586,33.883094787597656,34.13701057434082,33.989667892456055,33.92481803894043,33.8129997253418,35.03847122192383,33.515214920043945
"(5000, 50000)",0.5,5000,50000,cpu,homo,float,False,10.447263717651367,10.325431823730469,10.446548461914062,10.280370712280273,10.446548461914062,10.365009307861328,10.435342788696289,10.463953018188477,10.506391525268555,27.996301651000977,131.3340663909912,133.93306732177734,133.24689865112305,132.0822238922119,131.90937042236328,131.29806518554688,132.1730613708496,131.60467147827148,134.38129425048828,134.2148780822754
"(5000, 50000)",0.5,5000,50000,cpu,heter,float,True,5.503654479980469,6.536006927490234,5.897998809814453,5.676031112670898,5.903005599975586,5.163431167602539,6.603240966796875,6.565332412719727,5.001306533813477,4.796743392944336,50.02999305725098,49.70431327819824,49.65996742248535,49.57914352416992,49.47686195373535,49.381256103515625,49.87645149230957,50.13442039489746,50.06837844848633,50.208091735839844
"(5000, 50000)",0.5,5000,50000,cpu,heter,float,False,13.739585876464844,13.902425765991211,13.825178146362305,13.777732849121094,13.765096664428711,13.930559158325195,13.959407806396484,13.950586318969727,13.850688934326172,13.66424560546875,165.38476943969727,169.31414604187012,170.25160789489746,168.98274421691895,166.37945175170898,166.0633087158203,167.26064682006836,166.9597625732422,169.13628578186035,169.48461532592773
"(10000, 1000)",0.5,10000,1000,cpu,homo,float,True,0.22602081298828125,0.22912025451660156,0.2536773681640625,0.21219253540039062,0.2582073211669922,0.22101402282714844,0.25534629821777344,0.2396106719970703,0.30517578125,0.3509521484375,2.5892257690429688,2.1674633026123047,2.0151138305664062,3.857135772705078,1.6508102416992188,1.462697982788086,1.4612674713134766,1.4598369598388672,1.4617443084716797,1.4607906341552734
"(10000, 1000)",0.5,10000,1000,cpu,homo,float,False,0.8356571197509766,0.6871223449707031,0.5161762237548828,0.49757957458496094,0.6310939788818359,0.6616115570068359,0.6515979766845703,0.6647109985351562,0.6613731384277344,0.6508827209472656,4.802465438842773,4.760980606079102,4.786968231201172,4.685163497924805,4.753351211547852,4.77910041809082,4.726409912109375,4.615545272827148,4.828691482543945,4.74238395690918
"(10000, 1000)",0.5,10000,1000,cpu,heter,float,True,0.3294944763183594,0.3235340118408203,0.29754638671875,0.2930164337158203,0.25534629821777344,0.2760887145996094,0.2589225769042969,0.3247261047363281,0.2593994140625,0.270843505859375,2.824068069458008,2.4514198303222656,3.109455108642578,2.0978450775146484,2.0792484283447266,2.0837783813476562,2.027750015258789,2.034425735473633,2.040863037109375,2.0377635955810547
"(10000, 1000)",0.5,10000,1000,cpu,heter,float,False,0.8990764617919922,0.8876323699951172,0.8785724639892578,0.8842945098876953,0.9043216705322266,0.8785724639892578,0.5865097045898438,0.5908012390136719,0.5862712860107422,0.5893707275390625,5.97834587097168,5.748271942138672,5.811929702758789,5.951404571533203,5.659341812133789,5.801200866699219,5.814790725708008,5.854606628417969,5.739688873291016,5.993127822875977
"(10000, 2500)",0.5,10000,2500,cpu,homo,float,True,0.43463706970214844,0.4878044128417969,0.579833984375,0.5464553833007812,0.5757808685302734,0.4677772521972656,0.4944801330566406,0.4909038543701172,0.507354736328125,0.49185752868652344,3.2243728637695312,4.035711288452148,3.1499862670898438,3.113269805908203,3.132343292236328,3.1020641326904297,3.832578659057617,3.1375885009765625,3.112316131591797,3.1142234802246094
"(10000, 2500)",0.5,10000,2500,cpu,homo,float,False,0.8635520935058594,0.8676052093505859,0.8535385131835938,0.8227825164794922,0.823974609375,0.8518695831298828,0.8537769317626953,0.8528232574462891,0.8623600006103516,0.8461475372314453,12.070417404174805,12.289047241210938,12.259960174560547,12.411355972290039,12.197017669677734,12.026786804199219,12.27569580078125,12.293338775634766,12.186527252197266,12.201547622680664
"(10000, 2500)",0.5,10000,2500,cpu,heter,float,True,0.545501708984375,0.5774497985839844,0.5834102630615234,0.5369186401367188,0.5028247833251953,0.42724609375,0.4055500030517578,0.41413307189941406,0.39124488830566406,0.40721893310546875,4.544734954833984,4.457712173461914,5.346059799194336,4.480600357055664,4.5528411865234375,4.451751708984375,5.34367561340332,4.492998123168945,4.487276077270508,5.106449127197266
"(10000, 2500)",0.5,10000,2500,cpu,heter,float,False,1.1899471282958984,1.2874603271484375,1.216888427734375,1.2679100036621094,1.2922286987304688,1.21307373046875,1.168966293334961,1.1026859283447266,1.1477470397949219,1.1432170867919922,15.114545822143555,15.083789825439453,15.095949172973633,15.199661254882812,15.079259872436523,15.27261734008789,15.144824981689453,15.085458755493164,15.035629272460938,15.14887809753418
"(10000, 5000)",0.5,10000,5000,cpu,homo,float,True,0.7188320159912109,0.7021427154541016,0.7164478302001953,0.7274150848388672,0.7042884826660156,0.6871223449707031,0.6918907165527344,0.7009506225585938,0.9303092956542969,0.6685256958007812,6.95037841796875,6.411314010620117,6.942033767700195,6.281852722167969,6.397485733032227,6.928443908691406,6.348609924316406,6.2427520751953125,6.948709487915039,6.332635879516602
"(10000, 5000)",0.5,10000,5000,cpu,homo,float,False,1.7480850219726562,1.7862319946289062,1.7380714416503906,1.7120838165283203,1.8546581268310547,1.6739368438720703,1.7940998077392578,1.7132759094238281,1.6756057739257812,1.6644001007080078,24.014949798583984,23.636817932128906,24.04499053955078,23.734092712402344,23.72598648071289,23.801565170288086,23.697853088378906,23.781538009643555,23.846864700317383,23.573637008666992
"(10000, 5000)",0.5,10000,5000,cpu,heter,float,True,0.7250308990478516,0.7274150848388672,0.7188320159912109,0.7126331329345703,0.7357597351074219,0.7605552673339844,0.7212162017822266,0.7035732269287109,0.7143020629882812,0.7145404815673828,10.497570037841797,9.21773910522461,10.44154167175293,10.391950607299805,9.22846794128418,10.675907135009766,9.190559387207031,10.633468627929688,10.409355163574219,9.352922439575195
"(10000, 5000)",0.5,10000,5000,cpu,heter,float,False,2.4018287658691406,2.471923828125,2.367734909057617,2.4242401123046875,2.31170654296875,2.407550811767578,2.290487289428711,2.444028854370117,2.4116039276123047,2.4764537811279297,30.295372009277344,30.123233795166016,30.66110610961914,30.428171157836914,30.573129653930664,30.392169952392578,30.486345291137695,30.69782257080078,30.513525009155273,30.559778213500977
"(10000, 10000)",0.5,10000,10000,cpu,homo,float,True,1.4121532440185547,1.3396739959716797,1.3225078582763672,1.3911724090576172,1.4925003051757812,1.4035701751708984,1.4269351959228516,1.4317035675048828,1.3957023620605469,1.2009143829345703,13.617992401123047,13.775110244750977,13.853788375854492,14.978170394897461,14.127254486083984,12.67552375793457,13.660907745361328,14.10531997680664,13.765335083007812,14.504432678222656
"(10000, 10000)",0.5,10000,10000,cpu,homo,float,False,3.637075424194336,3.6306381225585938,3.473997116088867,3.754138946533203,3.5185813903808594,3.7631988525390625,3.625154495239258,3.7674903869628906,3.5648345947265625,3.556966781616211,49.66545104980469,49.90434646606445,49.68428611755371,49.38650131225586,50.11916160583496,49.97134208679199,49.78013038635254,50.147056579589844,49.7441291809082,49.96657371520996
"(10000, 10000)",0.5,10000,10000,cpu,heter,float,True,1.5404224395751953,1.6350746154785156,1.4891624450683594,1.8627643585205078,1.9125938415527344,1.3213157653808594,1.2722015380859375,1.2707710266113281,1.3124942779541016,1.371622085571289,21.38829231262207,20.583629608154297,20.049571990966797,21.622657775878906,21.81720733642578,20.400524139404297,20.36762237548828,20.501375198364258,20.480871200561523,21.364927291870117
"(10000, 10000)",0.5,10000,10000,cpu,heter,float,False,5.068540573120117,4.932165145874023,4.949331283569336,5.164623260498047,4.958629608154297,4.878520965576172,5.116701126098633,4.953861236572266,4.928350448608398,5.068063735961914,63.10439109802246,62.91627883911133,62.51168251037598,62.77060508728027,63.524484634399414,62.14737892150879,62.517642974853516,62.6070499420166,62.88766860961914,62.33501434326172
"(10000, 25000)",0.5,10000,25000,cpu,homo,float,True,2.5663375854492188,2.72369384765625,2.8891563415527344,2.350330352783203,2.8657913208007812,2.8345584869384766,2.2749900817871094,1.962900161743164,2.0127296447753906,2.038717269897461,34.239768981933594,34.04688835144043,34.13105010986328,34.32607650756836,33.6766242980957,33.64825248718262,34.1181755065918,34.3472957611084,34.035682678222656,34.82699394226074
"(10000, 25000)",0.5,10000,25000,cpu,homo,float,False,9.964942932128906,9.929895401000977,9.93800163269043,9.859800338745117,10.057210922241211,9.75656509399414,9.895086288452148,9.842872619628906,9.892702102661133,9.892940521240234,131.4563751220703,130.60665130615234,131.10780715942383,130.40757179260254,129.05240058898926,129.95123863220215,130.74111938476562,132.78460502624512,131.36053085327148,132.09176063537598
"(10000, 25000)",0.5,10000,25000,cpu,heter,float,True,3.475189208984375,2.637624740600586,2.6624202728271484,2.389192581176758,2.663135528564453,2.927064895629883,2.6586055755615234,2.1669864654541016,2.379894256591797,2.7108192443847656,51.674604415893555,73.99773597717285,49.72696304321289,49.99232292175293,50.02784729003906,49.9417781829834,50.64582824707031,50.64582824707031,50.3692626953125,49.63517189025879
"(10000, 25000)",0.5,10000,25000,cpu,heter,float,False,13.275623321533203,13.426542282104492,29.973506927490234,24.634838104248047,21.548748016357422,13.900518417358398,13.404130935668945,13.454914093017578,13.501644134521484,13.497114181518555,162.31441497802734,162.65058517456055,162.84871101379395,161.6659164428711,160.77613830566406,161.17572784423828,161.49353981018066,161.75055503845215,163.69199752807617,162.65344619750977
"(10000, 37500)",0.5,10000,37500,cpu,homo,float,True,4.423618316650391,3.4515857696533203,3.4122467041015625,3.4258365631103516,2.5856494903564453,3.398895263671875,2.6907920837402344,2.567291259765625,2.6297569274902344,2.318143844604492,50.03643035888672,50.27318000793457,50.481557846069336,49.94821548461914,49.18408393859863,50.525665283203125,50.06670951843262,49.5452880859375,51.53989791870117,49.99899864196777
"(10000, 37500)",0.5,10000,37500,cpu,homo,float,False,15.125751495361328,15.067577362060547,15.21754264831543,14.949798583984375,15.142440795898438,15.177488327026367,15.066146850585938,15.038490295410156,15.192985534667969,15.099287033081055,195.62172889709473,196.78902626037598,197.08895683288574,198.47607612609863,197.15523719787598,196.885347366333,196.78330421447754,197.249174118042,198.07767868041992,198.9762783050537
"(10000, 37500)",0.5,10000,37500,cpu,heter,float,True,3.4983158111572266,2.969503402709961,3.1032562255859375,2.646923065185547,3.6389827728271484,2.6955604553222656,2.3651123046875,2.464771270751953,2.2919178009033203,2.273082733154297,74.31173324584961,74.33342933654785,73.54426383972168,74.30577278137207,73.76599311828613,73.17066192626953,74.39637184143066,73.31418991088867,76.41816139221191,73.39739799499512
"(10000, 37500)",0.5,10000,37500,cpu,heter,float,False,20.50638198852539,20.496845245361328,20.33090591430664,20.505905151367188,20.380735397338867,20.354032516479492,20.345211029052734,20.4317569732666,20.465850830078125,20.392894744873047,248.22688102722168,247.3766803741455,246.68383598327637,247.755765914917,247.31183052062988,247.83086776733398,246.23417854309082,246.68145179748535,247.12276458740234,248.37398529052734
"(10000, 50000)",0.5,10000,50000,cpu,homo,float,True,4.35948371887207,4.307746887207031,3.5276412963867188,3.4961700439453125,3.9081573486328125,3.1042098999023438,2.554178237915039,2.5262832641601562,3.282308578491211,2.8433799743652344,67.37804412841797,66.62607192993164,66.08390808105469,66.63680076599121,65.8261775970459,65.4144287109375,94.9864387512207,66.18666648864746,66.19501113891602,66.09487533569336
"(10000, 50000)",0.5,10000,50000,cpu,homo,float,False,20.643234252929688,20.859479904174805,20.6451416015625,20.56717872619629,20.474672317504883,20.69711685180664,20.768165588378906,20.576953887939453,21.065473556518555,20.776033401489258,265.6264305114746,265.57302474975586,267.37046241760254,267.8403854370117,266.0868167877197,268.45335960388184,269.2275047302246,266.3874626159668,265.61522483825684,266.48926734924316
"(10000, 50000)",0.5,10000,50000,cpu,heter,float,True,4.43577766418457,4.030704498291016,3.6377906799316406,3.15093994140625,2.9387474060058594,3.7233829498291016,3.237485885620117,2.9621124267578125,2.610921859741211,2.918720245361328,97.76663780212402,98.7393856048584,102.66351699829102,99.4718074798584,98.21438789367676,99.13444519042969,98.94990921020508,99.02501106262207,98.67167472839355,98.75249862670898
"(10000, 50000)",0.5,10000,50000,cpu,heter,float,False,29.144763946533203,27.45819091796875,27.44293212890625,27.300119400024414,27.09674835205078,27.126073837280273,26.817798614501953,27.225732803344727,27.07052230834961,27.019500732421875,330.6875228881836,334.057092666626,331.7127227783203,331.5012454986572,334.078311920166,332.1199417114258,331.30455017089844,333.0719470977783,330.77406883239746,330.50036430358887
"(25000, 1000)",0.5,25000,1000,cpu,homo,float,True,0.4279613494873047,0.4444122314453125,0.40459632873535156,0.40459632873535156,0.3883838653564453,0.3991127014160156,0.44989585876464844,0.4096031188964844,0.41174888610839844,0.3972053527832031,4.564523696899414,3.399372100830078,3.320455551147461,3.3516883850097656,3.3109188079833984,4.24647331237793,3.3121109008789062,3.309011459350586,3.305196762084961,4.066705703735352
"(25000, 1000)",0.5,25000,1000,cpu,homo,float,False,0.8668899536132812,0.865936279296875,0.8764266967773438,0.8323192596435547,0.8740425109863281,0.8709430694580078,0.7927417755126953,0.7975101470947266,0.8821487426757812,0.8726119995117188,11.614561080932617,11.95383071899414,11.73090934753418,11.829614639282227,11.927366256713867,11.914491653442383,11.84844970703125,11.746883392333984,11.948347091674805,12.021303176879883
"(25000, 1000)",0.5,25000,1000,cpu,heter,float,True,0.5328655242919922,0.5502700805664062,0.49614906311035156,0.457763671875,0.48613548278808594,0.45871734619140625,0.5986690521240234,0.4792213439941406,0.47206878662109375,0.44155120849609375,4.74858283996582,5.089282989501953,4.7702789306640625,5.354881286621094,4.765510559082031,4.758358001708984,5.513668060302734,4.742145538330078,4.781007766723633,5.676507949829102
"(25000, 1000)",0.5,25000,1000,cpu,heter,float,False,1.1382102966308594,1.1425018310546875,1.0607242584228516,1.131296157836914,1.1382102966308594,1.074075698852539,1.0867118835449219,1.13677978515625,1.1451244354248047,1.150369644165039,14.77956771850586,14.791727066040039,14.771699905395508,14.900684356689453,14.861822128295898,14.86063003540039,14.878034591674805,14.887571334838867,14.868974685668945,14.692544937133789
"(25000, 2500)",0.5,25000,2500,cpu,homo,float,True,0.8261203765869141,0.8106231689453125,0.8068084716796875,0.8263587951660156,0.8041858673095703,0.7903575897216797,0.7870197296142578,0.7998943328857422,0.8111000061035156,1.0831356048583984,8.374929428100586,7.431268692016602,8.284330368041992,7.442235946655273,8.533239364624023,7.481813430786133,8.281707763671875,7.433414459228516,8.579730987548828,7.432222366333008
"(25000, 2500)",0.5,25000,2500,cpu,homo,float,False,2.0265579223632812,2.3908615112304688,2.151012420654297,2.3374557495117188,2.210855484008789,2.3682117462158203,2.479076385498047,2.259969711303711,2.356290817260742,2.1440982818603516,30.339956283569336,30.248165130615234,30.45034408569336,30.37285804748535,30.133724212646484,29.990196228027344,30.222654342651367,30.25531768798828,30.16519546508789,30.106782913208008
"(25000, 2500)",0.5,25000,2500,cpu,heter,float,True,0.8566379547119141,0.8461475372314453,0.8580684661865234,0.9655952453613281,0.8692741394042969,0.8578300476074219,0.8566379547119141,0.7922649383544922,0.8554458618164062,0.7688999176025391,11.164665222167969,12.42208480834961,12.722015380859375,12.624502182006836,11.112689971923828,12.607812881469727,12.178659439086914,11.049985885620117,12.188911437988281,12.65263557434082
"(25000, 2500)",0.5,25000,2500,cpu,heter,float,False,2.912282943725586,3.0777454376220703,3.322601318359375,3.046751022338867,2.956867218017578,2.924203872680664,2.9425621032714844,2.874135971069336,3.0755996704101562,3.003835678100586,38.89632225036621,39.02387619018555,39.05630111694336,38.74993324279785,38.93446922302246,39.01410102844238,38.8340950012207,39.09659385681152,38.66100311279297,38.95759582519531
"(25000, 5000)",0.5,25000,5000,cpu,homo,float,True,1.5671253204345703,1.6117095947265625,1.8641948699951172,1.833200454711914,1.5239715576171875,1.4841556549072266,1.4567375183105469,1.28936767578125,1.5628337860107422,1.3418197631835938,17.136335372924805,17.154693603515625,16.772747039794922,16.741275787353516,16.834020614624023,17.261743545532227,17.064332962036133,18.378734588623047,17.013072967529297,16.59846305847168
"(25000, 5000)",0.5,25000,5000,cpu,homo,float,False,4.425764083862305,4.352092742919922,4.216194152832031,4.337310791015625,4.390716552734375,4.624128341674805,4.2896270751953125,4.437923431396484,4.372835159301758,4.295825958251953,60.79840660095215,60.67824363708496,60.60957908630371,60.92715263366699,60.784101486206055,60.8518123626709,61.22732162475586,61.18130683898926,60.69064140319824,60.61053276062012
"(25000, 5000)",0.5,25000,5000,cpu,heter,float,True,1.644134521484375,1.589059829711914,1.6720294952392578,1.8393993377685547,1.758575439453125,1.4104843139648438,1.3058185577392578,1.3136863708496094,1.3172626495361328,1.3082027435302734,25.294780731201172,24.060964584350586,25.189876556396484,25.162220001220703,24.780750274658203,24.135828018188477,40.98391532897949,28.3203125,24.876832962036133,24.390459060668945
"(25000, 5000)",0.5,25000,5000,cpu,heter,float,False,6.156682968139648,5.999565124511719,6.047964096069336,6.058454513549805,6.044149398803711,6.081581115722656,6.094694137573242,6.107807159423828,6.134271621704102,6.091594696044922,76.55048370361328,76.63631439208984,77.38065719604492,76.97796821594238,76.34806632995605,76.17783546447754,77.37350463867188,77.37469673156738,77.73303985595703,77.1636962890625
"(25000, 10000)",0.5,25000,10000,cpu,homo,float,True,2.724885940551758,3.0350685119628906,2.4938583374023438,2.803802490234375,2.627134323120117,2.396821975708008,2.6204586029052734,2.121448516845703,2.123594284057617,2.5076866149902344,33.76650810241699,33.82682800292969,33.972740173339844,34.09004211425781,34.29889678955078,33.740997314453125,35.16650199890137,34.63554382324219,34.10673141479492,34.20138359069824
"(25000, 10000)",0.5,25000,10000,cpu,homo,float,False,8.958101272583008,9.310722351074219,9.312152862548828,8.758068084716797,8.926153182983398,9.136199951171875,8.910894393920898,9.2010498046875,8.84699821472168,9.190559387207031,125.69403648376465,125.34546852111816,126.2655258178711,125.7634162902832,126.47056579589844,126.75762176513672,127.12812423706055,125.81253051757812,125.88119506835938,125.63657760620117
"(25000, 10000)",0.5,25000,10000,cpu,heter,float,True,2.4983882904052734,2.8562545776367188,2.3915767669677734,2.137899398803711,2.3763179779052734,2.579212188720703,2.593517303466797,1.9223690032958984,2.0689964294433594,1.8260478973388672,49.86166954040527,50.107717514038086,51.56064033508301,49.957990646362305,50.08721351623535,49.64780807495117,49.610137939453125,49.60298538208008,49.6211051940918,49.432992935180664
"(25000, 10000)",0.5,25000,10000,cpu,heter,float,False,12.49384880065918,12.479543685913086,12.833118438720703,12.396097183227539,12.673377990722656,12.614250183105469,30.191659927368164,16.29781723022461,12.78996467590332,12.636184692382812,158.35213661193848,157.54175186157227,157.26733207702637,159.25073623657227,159.13844108581543,159.14463996887207,158.0946445465088,158.06889533996582,157.45139122009277,157.76705741882324
"(25000, 25000)",0.5,25000,25000,cpu,homo,float,True,3.9818286895751953,4.1217803955078125,3.9861202239990234,5.748987197875977,3.573894500732422,3.980398178100586,3.4799575805664062,3.54766845703125,3.3926963806152344,3.444194793701172,83.28580856323242,83.32157135009766,82.47971534729004,83.07766914367676,84.22136306762695,84.33198928833008,84.68079566955566,85.13808250427246,83.20450782775879,85.93058586120605
"(25000, 25000)",0.5,25000,25000,cpu,homo,float,False,24.608373641967773,24.30891990661621,24.72662925720215,23.7274169921875,24.515867233276367,23.53382110595703,24.28436279296875,24.409770965576172,24.225950241088867,24.389266967773438,325.10924339294434,327.33154296875,326.04408264160156,323.3370780944824,327.1353244781494,326.2286186218262,324.59402084350586,326.75814628601074,329.36859130859375,323.5642910003662
"(25000, 25000)",0.5,25000,25000,cpu,heter,float,True,5.090475082397461,4.262208938598633,3.963470458984375,4.605293273925781,3.690004348754883,3.2873153686523438,3.2777786254882812,3.6706924438476562,3.971576690673828,3.314971923828125,120.98050117492676,133.54969024658203,121.10447883605957,120.6657886505127,120.96738815307617,120.66006660461426,121.95539474487305,121.4604377746582,121.81711196899414,121.4747428894043
"(25000, 25000)",0.5,25000,25000,cpu,heter,float,False,32.90128707885742,33.17523002624512,33.12540054321289,33.01286697387695,33.147335052490234,52.06942558288574,50.39691925048828,33.718109130859375,32.782554626464844,33.0810546875,406.65316581726074,408.9357852935791,403.1836986541748,401.78608894348145,406.3403606414795,405.1849842071533,407.8390598297119,405.54094314575195,404.7083854675293,406.7239761352539
"(25000, 37500)",0.5,25000,37500,cpu,homo,float,True,4.231929779052734,4.051446914672852,4.984855651855469,4.471302032470703,4.461050033569336,4.504203796386719,4.153966903686523,3.6592483520507812,3.6444664001464844,3.4334659576416016,123.7483024597168,122.80893325805664,122.80893325805664,123.05665016174316,122.91741371154785,122.19977378845215,122.18832969665527,123.21710586547852,123.21925163269043,122.82943725585938
"(25000, 37500)",0.5,25000,37500,cpu,homo,float,False,38.47455978393555,38.011789321899414,38.106679916381836,37.377357482910156,37.48011589050293,37.66942024230957,37.62340545654297,37.345170974731445,38.02204132080078,67.047119140625,499.2375373840332,498.51179122924805,496.9522953033447,495.17369270324707,496.81806564331055,497.6677894592285,494.5244789123535,494.0657615661621,494.01330947875977,491.0423755645752
"(25000, 37500)",0.5,25000,37500,cpu,heter,float,True,5.799531936645508,6.349086761474609,4.915714263916016,5.048036575317383,6.085395812988281,4.848957061767578,5.354642868041992,6.258487701416016,4.859685897827148,5.188465118408203,182.65676498413086,183.84718894958496,185.11652946472168,182.8145980834961,182.28602409362793,180.92036247253418,182.28864669799805,190.21296501159668,184.3557357788086,181.13160133361816
"(25000, 37500)",0.5,25000,37500,cpu,heter,float,False,50.51302909851074,50.800323486328125,50.3387451171875,50.59027671813965,50.783395767211914,50.66657066345215,50.72498321533203,50.79174041748047,51.23186111450195,50.86231231689453,615.9594058990479,619.2536354064941,616.2223815917969,614.2280101776123,618.6339855194092,614.0413284301758,618.8287734985352,617.2957420349121,617.2573566436768,614.5815849304199
"(25000, 50000)",0.5,25000,50000,cpu,homo,float,True,6.055116653442383,5.892276763916016,5.510807037353516,4.673480987548828,4.7588348388671875,5.519866943359375,5.832433700561523,4.915952682495117,5.897045135498047,4.6291351318359375,161.8938446044922,161.79132461547852,162.31489181518555,162.09053993225098,162.46390342712402,161.5164279937744,162.32895851135254,162.45388984680176,162.04833984375,162.47892379760742
"(25000, 50000)",0.5,25000,50000,cpu,homo,float,False,51.367759704589844,50.955772399902344,50.9185791015625,51.1326789855957,51.30171775817871,50.70924758911133,50.99081993103027,51.074981689453125,51.00393295288086,51.0716438293457,661.2095832824707,663.9361381530762,662.4386310577393,660.6659889221191,662.1127128601074,662.5406742095947,662.9486083984375,661.0393524169922,660.3271961212158,661.691427230835
"(25000, 50000)",0.5,25000,50000,cpu,heter,float,True,7.465600967407227,6.715059280395508,7.571935653686523,6.499290466308594,6.828069686889648,6.49571418762207,6.583690643310547,7.651090621948242,6.843328475952148,6.835699081420898,237.87903785705566,236.8175983428955,237.42175102233887,237.66255378723145,237.5028133392334,236.9821071624756,236.99021339416504,252.05230712890625,239.22252655029297,236.62137985229492
"(25000, 50000)",0.5,25000,50000,cpu,heter,float,False,68.30358505249023,67.88229942321777,68.23182106018066,69.0467357635498,68.55583190917969,68.6941146850586,68.58205795288086,68.32098960876465,68.25828552246094,68.04609298706055,823.8022327423096,824.2483139038086,826.8194198608398,825.8585929870605,825.7269859313965,827.268123626709,826.3368606567383,826.502799987793,828.1428813934326,827.7380466461182
"(37500, 1000)",0.5,37500,1000,cpu,homo,float,True,0.58746337890625,0.5557537078857422,0.5555152893066406,0.5252361297607422,0.5629062652587891,0.5002021789550781,0.5495548248291016,0.5383491516113281,0.5536079406738281,0.55694580078125,5.653142929077148,4.84919548034668,4.843711853027344,5.789756774902344,4.877567291259766,4.845142364501953,5.565643310546875,4.84919548034668,4.850149154663086,5.501985549926758
"(37500, 1000)",0.5,37500,1000,cpu,homo,float,False,1.2943744659423828,1.3110637664794922,1.3141632080078125,1.277923583984375,1.1851787567138672,1.1942386627197266,1.2798309326171875,1.1696815490722656,1.2059211730957031,1.2748241424560547,17.815589904785156,18.01919937133789,17.7915096282959,17.702817916870117,17.84992218017578,17.745018005371094,18.024444580078125,17.865896224975586,18.003225326538086,17.58432388305664
"(37500, 1000)",0.5,37500,1000,cpu,heter,float,True,0.5869865417480469,0.5724430084228516,0.5776882171630859,0.5691051483154297,0.6098747253417969,0.5972385406494141,0.5590915679931641,0.5829334259033203,0.5915164947509766,0.5955696105957031,8.407831192016602,7.129669189453125,8.427143096923828,7.130622863769531,7.041454315185547,8.037805557250977,7.425546646118164,7.966041564941406,7.098913192749023,31.32462501525879
"(37500, 1000)",0.5,37500,1000,cpu,heter,float,False,1.74713134765625,1.7731189727783203,1.7740726470947266,1.6438961029052734,1.683950424194336,1.6481876373291016,1.615285873413086,1.728057861328125,1.6591548919677734,1.6851425170898438,22.380828857421875,22.127866744995117,22.282123565673828,22.48978614807129,22.524118423461914,22.470712661743164,22.571086883544922,22.319316864013672,22.16029167175293,22.458553314208984
"(37500, 2500)",0.5,37500,2500,cpu,homo,float,True,1.1866092681884766,1.1260509490966797,1.1379718780517578,1.1439323425292969,1.0488033294677734,1.0423660278320312,1.0991096496582031,1.0459423065185547,1.5559196472167969,1.0726451873779297,12.323856353759766,12.579679489135742,12.633323669433594,11.17396354675293,12.561321258544922,12.724161148071289,12.119054794311523,12.475013732910156,12.87078857421875,12.813568115234375
"(37500, 2500)",0.5,37500,2500,cpu,homo,float,False,3.2613277435302734,3.2377243041992188,3.3838748931884766,3.1571388244628906,3.1921863555908203,3.2525062561035156,3.2291412353515625,3.324270248413086,3.281831741333008,3.228425979614258,46.88858985900879,46.613216400146484,46.65255546569824,47.041893005371094,46.753883361816406,46.640634536743164,46.50378227233887,46.25511169433594,46.411991119384766,46.561241149902344
"(37500, 2500)",0.5,37500,2500,cpu,heter,float,True,1.6319751739501953,1.2807846069335938,1.2102127075195312,1.2254714965820312,1.2638568878173828,1.2018680572509766,1.2135505676269531,1.2559890747070312,1.2056827545166016,1.2059211730957031,17.75193214416504,18.067598342895508,17.782211303710938,18.00847053527832,17.871856689453125,17.673969268798828,17.90022850036621,17.751693725585938,18.103837966918945,18.156766891479492
"(37500, 2500)",0.5,37500,2500,cpu,heter,float,False,4.572391510009766,4.530429840087891,4.4879913330078125,4.521846771240234,4.456758499145508,4.481315612792969,4.548549652099609,4.53948974609375,4.449605941772461,4.509687423706055,58.434247970581055,59.26966667175293,59.155941009521484,59.45324897766113,58.638811111450195,59.012651443481445,59.34453010559082,59.07440185546875,59.053659439086914,59.04674530029297
"(37500, 5000)",0.5,37500,5000,cpu,homo,float,True,2.5675296783447266,2.3088455200195312,2.2614002227783203,2.2504329681396484,1.7366409301757812,1.8928050994873047,1.6868114471435547,1.6744136810302734,2.0079612731933594,1.7294883728027344,25.73680877685547,24.42002296447754,25.63333511352539,24.258136749267578,25.220632553100586,24.383068084716797,24.264097213745117,25.91252326965332,24.164438247680664,26.208877563476562
"(37500, 5000)",0.5,37500,5000,cpu,homo,float,False,19.953012466430664,11.217832565307617,13.328790664672852,15.384912490844727,18.930912017822266,11.55543327331543,8.623838424682617,6.726503372192383,6.513118743896484,6.52003288269043,91.84622764587402,92.19217300415039,92.03314781188965,91.74633026123047,91.83621406555176,91.57609939575195,91.65692329406738,91.85481071472168,91.87054634094238,91.81761741638184
"(37500, 5000)",0.5,37500,5000,cpu,heter,float,True,2.2759437561035156,2.734661102294922,2.2869110107421875,2.016305923461914,2.054452896118164,2.474069595336914,1.8627643585205078,1.9068717956542969,1.8110275268554688,1.5478134155273438,36.01360321044922,36.05985641479492,36.742448806762695,36.40317916870117,37.63604164123535,36.82136535644531,35.80665588378906,36.1478328704834,37.07265853881836,35.60471534729004
"(37500, 5000)",0.5,37500,5000,cpu,heter,float,False,9.221076965332031,9.145259857177734,9.651899337768555,9.06229019165039,8.876323699951172,9.075403213500977,8.883237838745117,8.923530578613281,8.811235427856445,8.937358856201172,116.69731140136719,116.51277542114258,116.47844314575195,116.90235137939453,117.28358268737793,116.23740196228027,116.1496639251709,116.88947677612305,116.49036407470703,116.6839599609375
"(37500, 10000)",0.5,37500,10000,cpu,homo,float,True,3.9255619049072266,2.869129180908203,4.128456115722656,2.6853084564208984,3.036975860595703,2.6776790618896484,2.6416778564453125,2.1507740020751953,2.786874771118164,2.5191307067871094,50.096988677978516,48.99954795837402,49.58367347717285,49.54886436462402,49.39842224121094,49.62754249572754,49.7128963470459,49.405574798583984,49.831390380859375,50.21381378173828
"(37500, 10000)",0.5,37500,10000,cpu,homo,float,False,13.850688934326172,13.76795768737793,13.562202453613281,13.802051544189453,13.842582702636719,13.86570930480957,13.520956039428711,13.666391372680664,13.265848159790039,13.398408889770508,188.39478492736816,189.3308162689209,190.54484367370605,190.2012825012207,189.91708755493164,190.14739990234375,190.94109535217285,190.3555393218994,190.73247909545898,189.85295295715332
"(37500, 10000)",0.5,37500,10000,cpu,heter,float,True,3.6139488220214844,2.969503402709961,3.5893917083740234,2.8798580169677734,3.0853748321533203,2.669811248779297,3.037691116333008,3.2770633697509766,2.7463436126708984,2.2475719451904297,73.14848899841309,73.4708309173584,72.30162620544434,72.38411903381348,74.34988021850586,72.74436950683594,72.58725166320801,73.47846031188965,72.36409187316895,72.99327850341797
"(37500, 10000)",0.5,37500,10000,cpu,heter,float,False,18.69058609008789,18.746614456176758,18.665313720703125,18.615007400512695,18.79429817199707,19.417762756347656,18.83673667907715,18.94831657409668,18.709659576416016,18.889427185058594,238.6453151702881,236.15264892578125,234.95006561279297,237.40005493164062,238.44003677368164,238.54565620422363,236.94372177124023,237.0297908782959,238.22975158691406,238.08932304382324
"(37500, 25000)",0.5,37500,25000,cpu,homo,float,True,4.784584045410156,5.475282669067383,4.087924957275391,4.700183868408203,4.451990127563477,3.7131309509277344,3.910064697265625,4.782915115356445,3.519296646118164,4.136323928833008,123.25572967529297,123.75116348266602,126.12318992614746,123.5201358795166,123.3513355255127,157.02342987060547,123.19731712341309,126.23453140258789,125.30827522277832,125.46610832214355
"(37500, 25000)",0.5,37500,25000,cpu,homo,float,False,36.5908145904541,37.5516414642334,37.16588020324707,36.071062088012695,35.7818603515625,35.94684600830078,36.37051582336426,36.84091567993164,36.04841232299805,36.41963005065918,488.6448383331299,487.6246452331543,488.86871337890625,486.0422611236572,489.43114280700684,486.00101470947266,489.3786907196045,485.7194423675537,490.5707836151123,490.9029006958008
"(37500, 25000)",0.5,37500,25000,cpu,heter,float,True,5.752801895141602,5.51605224609375,4.947185516357422,4.997491836547852,5.880832672119141,4.815816879272461,5.429267883300781,6.171703338623047,5.0201416015625,4.824161529541016,178.42841148376465,180.27019500732422,178.5895824432373,179.73995208740234,180.06014823913574,178.4830093383789,179.63719367980957,179.3081760406494,179.75187301635742,178.58076095581055
"(37500, 25000)",0.5,37500,25000,cpu,heter,float,False,49.254417419433594,49.14426803588867,49.69167709350586,49.5755672454834,49.359798431396484,49.45230484008789,49.59249496459961,49.037933349609375,49.56412315368652,48.84195327758789,612.7746105194092,613.9318943023682,610.9588146209717,613.3050918579102,614.3443584442139,616.0354614257812,615.4265403747559,615.678071975708,617.9580688476562,613.5818958282471
"(37500, 37500)",0.5,37500,37500,cpu,homo,float,True,5.943775177001953,6.156682968139648,5.5408477783203125,5.71894645690918,6.87408447265625,7.239580154418945,5.980253219604492,5.3730010986328125,5.092144012451172,6.767511367797852,183.1192970275879,181.18715286254883,182.2500228881836,182.7535629272461,182.53397941589355,180.7997226715088,182.2836399078369,182.02614784240723,182.53779411315918,199.3274688720703
"(37500, 37500)",0.5,37500,37500,cpu,homo,float,False,55.90033531188965,56.49137496948242,56.633710861206055,56.005239486694336,56.13207817077637,56.467294692993164,56.31685256958008,56.81633949279785,57.04689025878906,56.10013008117676,745.2409267425537,750.3480911254883,739.7444248199463,737.6301288604736,742.6331043243408,741.8901920318604,742.8734302520752,740.1204109191895,745.506763458252,744.7221279144287
"(37500, 37500)",0.5,37500,37500,cpu,heter,float,True,7.354021072387695,8.431673049926758,7.674694061279297,8.6517333984375,7.175445556640625,8.248567581176758,7.3909759521484375,8.825302124023438,7.3699951171875,9.109735488891602,266.3288116455078,266.73316955566406,265.9754753112793,268.7366008758545,267.5635814666748,279.54936027526855,270.92504501342773,266.0870552062988,266.8113708496094,267.0178413391113
"(37500, 37500)",0.5,37500,37500,cpu,heter,float,False,103.04737091064453,77.15702056884766,78.01461219787598,77.64124870300293,76.87640190124512,78.10759544372559,76.00951194763184,75.99115371704102,75.20151138305664,75.6375789642334,922.7972030639648,919.377326965332,918.464183807373,922.3320484161377,922.6899147033691,917.2441959381104,919.8265075683594,920.4738140106201,919.8219776153564,918.2968139648438
"(37500, 50000)",0.5,37500,50000,cpu,homo,float,True,6.84809684753418,8.033514022827148,7.245779037475586,8.038759231567383,7.582187652587891,8.511781692504883,6.642341613769531,7.766008377075195,7.036685943603516,8.416175842285156,240.6899929046631,240.82112312316895,240.2670383453369,241.46008491516113,239.66479301452637,243.79873275756836,252.17366218566895,240.66662788391113,239.98069763183594,241.5778636932373
"(37500, 50000)",0.5,37500,50000,cpu,homo,float,False,77.01468467712402,76.9808292388916,77.00610160827637,76.7824649810791,76.90668106079102,76.48515701293945,75.88911056518555,76.40790939331055,76.2338638305664,76.48921012878418,994.0311908721924,991.2624359130859,991.5437698364258,999.5758533477783,994.5271015167236,995.5179691314697,998.2266426086426,998.0497360229492,989.6745681762695,991.7590618133545
"(37500, 50000)",0.5,37500,50000,cpu,heter,float,True,9.491682052612305,11.661529541015625,10.450363159179688,9.803295135498047,10.663270950317383,9.867191314697266,10.694742202758789,10.500431060791016,9.637594223022461,10.795831680297852,354.02536392211914,355.24439811706543,361.0718250274658,353.6858558654785,354.97522354125977,354.35032844543457,354.0210723876953,354.5360565185547,353.9590835571289,354.3848991394043
"(37500, 50000)",0.5,37500,50000,cpu,heter,float,False,103.06262969970703,102.081298828125,102.54263877868652,102.44607925415039,102.9670238494873,103.5761833190918,103.06215286254883,103.76262664794922,102.48923301696777,103.03092002868652,1240.8390045166016,1236.769437789917,1235.5196475982666,1234.7652912139893,1236.8998527526855,1238.4209632873535,1237.020492553711,1238.4753227233887,1239.1102313995361,1239.7725582122803
"(50000, 1000)",0.5,50000,1000,cpu,homo,float,True,0.6837844848632812,0.7288455963134766,0.7300376892089844,0.6716251373291016,0.7309913635253906,0.6973743438720703,0.7021427154541016,1.1208057403564453,0.6763935089111328,0.6911754608154297,6.409406661987305,7.140874862670898,6.403207778930664,7.0343017578125,6.37507438659668,6.946563720703125,7.467746734619141,6.374835968017578,7.058620452880859,6.514310836791992
"(50000, 1000)",0.5,50000,1000,cpu,homo,float,False,1.8055438995361328,1.7116069793701172,1.7132759094238281,1.6515254974365234,1.7170906066894531,1.7070770263671875,1.7237663269042969,1.7247200012207031,1.7170906066894531,1.6918182373046875,23.526668548583984,23.39625358581543,23.61321449279785,23.547887802124023,23.602724075317383,23.68021011352539,23.54884147644043,23.706436157226562,23.555994033813477,23.547649383544922
"(50000, 1000)",0.5,50000,1000,cpu,heter,float,True,0.7877349853515625,0.7393360137939453,0.7572174072265625,0.8966922760009766,0.8988380432128906,0.9157657623291016,0.9572505950927734,0.9944438934326172,0.8828639984130859,0.8649826049804688,9.412527084350586,10.632753372192383,9.379863739013672,10.81085205078125,10.839223861694336,9.406805038452148,10.583639144897461,9.38868522644043,10.67042350769043,10.539531707763672
"(50000, 1000)",0.5,50000,1000,cpu,heter,float,False,2.346038818359375,2.325773239135742,2.2821426391601562,2.3899078369140625,2.413034439086914,2.344369888305664,2.257108688354492,2.332448959350586,2.270936965942383,2.2780895233154297,30.107736587524414,29.68883514404297,29.48904037475586,30.061006546020508,30.07984161376953,29.7091007232666,29.816865921020508,30.1668643951416,29.964208602905273,29.745817184448242
"(50000, 2500)",0.5,50000,2500,cpu,homo,float,True,1.6379356384277344,1.5115737915039062,1.5082359313964844,1.4386177062988281,1.4257431030273438,1.2736320495605469,1.340627670288086,1.47247314453125,1.4758110046386719,1.2767314910888672,16.103744506835938,16.280651092529297,16.141653060913086,16.466856002807617,16.544580459594727,16.297101974487305,16.178607940673828,16.07799530029297,16.51144027709961,16.226768493652344
"(50000, 2500)",0.5,50000,2500,cpu,homo,float,False,4.853010177612305,4.789113998413086,4.719972610473633,4.82487678527832,4.828453063964844,4.57763671875,4.754781723022461,4.808664321899414,4.644632339477539,4.585027694702148,61.86223030090332,62.020301818847656,62.58344650268555,62.8507137298584,62.700748443603516,62.80922889709473,62.26944923400879,62.32881546020508,62.81614303588867,62.07609176635742
"(50000, 2500)",0.5,50000,2500,cpu,heter,float,True,1.5861988067626953,1.51824951171875,1.5151500701904297,1.5714168548583984,1.6014575958251953,1.7211437225341797,1.7108917236328125,1.234292984008789,1.3020038604736328,1.3039112091064453,24.132966995239258,23.23293685913086,23.395061492919922,24.9021053314209,23.006200790405273,23.99420738220215,23.207664489746094,23.401737213134766,24.486064910888672,22.992849349975586
"(50000, 2500)",0.5,50000,2500,cpu,heter,float,False,6.102800369262695,6.032705307006836,5.975961685180664,6.134986877441406,5.987405776977539,6.193876266479492,6.049633026123047,5.9661865234375,6.057262420654297,5.955934524536133,78.42659950256348,78.40466499328613,78.31716537475586,78.92489433288574,79.08296585083008,78.80878448486328,78.55987548828125,78.88674736022949,78.0649185180664,78.34243774414062
"(50000, 5000)",0.5,50000,5000,cpu,homo,float,True,2.5281906127929688,2.8781890869140625,2.1839141845703125,2.4399757385253906,2.362489700317383,2.6769638061523438,2.003192901611328,2.065420150756836,2.0477771759033203,1.9664764404296875,32.97090530395508,32.989501953125,33.16020965576172,33.35213661193848,33.47325325012207,33.6458683013916,34.06047821044922,33.88810157775879,33.52761268615723,33.41364860534668
"(50000, 5000)",0.5,50000,5000,cpu,homo,float,False,8.881092071533203,8.705615997314453,8.985519409179688,8.809566497802734,8.505582809448242,9.040117263793945,9.089231491088867,9.207725524902344,8.61501693725586,9.079456329345703,123.57568740844727,123.95048141479492,123.92067909240723,123.57068061828613,122.98989295959473,123.90542030334473,123.32820892333984,123.00419807434082,123.00324440002441,123.02470207214355
"(50000, 5000)",0.5,50000,5000,cpu,heter,float,True,2.8562545776367188,3.0961036682128906,2.3915767669677734,2.8395652770996094,2.5048255920410156,2.4602413177490234,2.2242069244384766,2.5069713592529297,2.219676971435547,2.3157596588134766,48.581600189208984,48.27713966369629,48.5990047454834,48.181772232055664,50.29869079589844,47.53422737121582,52.0172119140625,46.84901237487793,48.42853546142578,47.77193069458008
"(50000, 5000)",0.5,50000,5000,cpu,heter,float,False,12.025594711303711,12.014627456665039,12.008190155029297,12.20250129699707,12.095928192138672,11.88516616821289,12.14289665222168,12.126445770263672,11.91258430480957,11.730432510375977,155.91073036193848,154.24585342407227,155.15565872192383,156.1758518218994,155.34520149230957,156.4955711364746,154.97446060180664,156.51726722717285,155.470609664917,155.5466651916504
"(50000, 10000)",0.5,50000,10000,cpu,homo,float,True,3.7255287170410156,4.411458969116211,3.734588623046875,3.025054931640625,2.907991409301758,3.201007843017578,3.166675567626953,3.557920455932617,3.064393997192383,2.873659133911133,67.2147274017334,66.5898323059082,66.20311737060547,66.37358665466309,66.47610664367676,67.70539283752441,66.24722480773926,66.42961502075195,66.78414344787598,66.82443618774414
"(50000, 10000)",0.5,50000,10000,cpu,homo,float,False,17.706871032714844,17.831087112426758,17.604589462280273,17.745018005371094,18.355131149291992,17.78578758239746,18.758058547973633,17.646074295043945,17.8225040435791,18.435239791870117,252.48003005981445,252.5618076324463,252.82025337219238,250.75769424438477,251.71136856079102,253.190279006958,252.28381156921387,251.21164321899414,251.33252143859863,252.4268627166748
"(50000, 10000)",0.5,50000,10000,cpu,heter,float,True,4.3506622314453125,3.9310455322265625,3.696918487548828,3.0498504638671875,3.0775070190429688,3.0503273010253906,3.294229507446289,3.2019615173339844,2.9807090759277344,3.2052993774414062,101.0890007019043,98.54817390441895,99.13015365600586,97.74446487426758,96.4820384979248,96.86565399169922,97.10693359375,96.18186950683594,97.10144996643066,96.68946266174316
"(50000, 10000)",0.5,50000,10000,cpu,heter,float,False,25.25043487548828,27.542591094970703,24.890422821044922,24.656295776367188,24.956226348876953,24.63221549987793,24.667739868164062,24.567127227783203,24.953365325927734,24.930477142333984,315.37604331970215,317.4619674682617,314.14794921875,314.8214817047119,316.66016578674316,314.8784637451172,316.07866287231445,317.4633979797363,316.9271945953369,314.5444393157959
"(50000, 25000)",0.5,50000,25000,cpu,homo,float,True,6.348371505737305,4.990100860595703,4.985332489013672,6.340503692626953,4.707098007202148,4.925966262817383,5.325078964233398,4.736661911010742,5.014657974243164,5.27644157409668,162.60981559753418,162.25290298461914,161.9417667388916,162.5826358795166,162.19806671142578,162.4751091003418,164.60084915161133,162.26625442504883,162.0643138885498,163.27643394470215
"(50000, 25000)",0.5,50000,25000,cpu,homo,float,False,49.353837966918945,48.810482025146484,48.50196838378906,49.40986633300781,48.09093475341797,48.00081253051758,48.946380615234375,47.35970497131348,49.32284355163574,48.697710037231445,649.5554447174072,656.0003757476807,651.6952514648438,647.3820209503174,651.1476039886475,651.0915756225586,650.2492427825928,653.4202098846436,649.6450901031494,650.1619815826416
"(50000, 25000)",0.5,50000,25000,cpu,heter,float,True,7.234811782836914,7.024288177490234,6.717205047607422,6.412267684936523,7.40814208984375,6.35981559753418,6.817102432250977,6.5898895263671875,7.438182830810547,7.3070526123046875,239.912748336792,240.4642105102539,241.45007133483887,239.81738090515137,239.04180526733398,241.0728931427002,258.79812240600586,241.57381057739258,236.81378364562988,237.34354972839355
"(50000, 25000)",0.5,50000,25000,cpu,heter,float,False,66.41244888305664,67.24953651428223,67.31200218200684,67.03543663024902,66.55097007751465,66.13469123840332,66.38479232788086,66.87021255493164,65.73963165283203,65.62590599060059,815.838098526001,813.3580684661865,812.687873840332,811.9540214538574,814.14794921875,815.434455871582,814.2075538635254,814.5382404327393,816.6530132293701,815.4721260070801
"(50000, 37500)",0.5,50000,37500,cpu,homo,float,True,6.755590438842773,7.922887802124023,8.468389511108398,9.493350982666016,6.935596466064453,7.67970085144043,9.050607681274414,9.925365447998047,6.604671478271484,7.581949234008789,240.25702476501465,240.71073532104492,240.20791053771973,241.66154861450195,260.8928680419922,240.88382720947266,240.9968376159668,241.49656295776367,240.84806442260742,240.44060707092285
"(50000, 37500)",0.5,50000,37500,cpu,homo,float,False,75.50454139709473,75.2248764038086,77.15272903442383,75.29473304748535,75.50835609436035,75.16264915466309,74.44119453430176,75.1190185546875,74.8746395111084,74.80216026306152,992.4864768981934,988.1477355957031,991.8110370635986,987.4522686004639,991.107702255249,993.0949211120605,986.0825538635254,993.0729866027832,994.4391250610352,995.8305358886719
"(50000, 37500)",0.5,50000,37500,cpu,heter,float,True,9.851932525634766,10.30588150024414,10.116100311279297,9.81593132019043,10.721445083618164,9.925127029418945,10.629415512084961,9.955883026123047,9.739398956298828,10.350704193115234,355.96299171447754,364.1808032989502,358.51502418518066,356.68158531188965,356.978178024292,358.52837562561035,356.3821315765381,355.8053970336914,356.212854385376,356.7385673522949
"(50000, 37500)",0.5,50000,37500,cpu,heter,float,False,101.24659538269043,101.48119926452637,101.89676284790039,101.24850273132324,102.11324691772461,100.68798065185547,100.73256492614746,101.33576393127441,101.86529159545898,102.05507278442383,1230.8697700500488,1230.0207614898682,1238.3148670196533,1238.2168769836426,1238.7871742248535,1238.6388778686523,1235.499620437622,1232.381820678711,1235.464334487915,1235.3260517120361
"(50000, 50000)",0.5,50000,50000,cpu,homo,float,True,11.481523513793945,8.762598037719727,11.820554733276367,9.4451904296875,9.591102600097656,9.398698806762695,10.001182556152344,10.423898696899414,8.89444351196289,9.582757949829102,318.31836700439453,331.1607837677002,319.45276260375977,318.3417320251465,320.0085163116455,318.8784122467041,319.0779685974121,318.9542293548584,319.1812038421631,318.5136318206787
"(50000, 50000)",0.5,50000,50000,cpu,homo,float,False,103.1949520111084,102.87785530090332,102.39958763122559,101.95446014404297,101.46284103393555,101.89032554626465,101.56512260437012,101.85980796813965,102.12492942810059,102.10561752319336,1319.1726207733154,1326.019048690796,1320.824146270752,1320.641279220581,1326.897382736206,1321.446418762207,1320.2509880065918,1324.2177963256836,1319.0717697143555,1321.6698169708252
"(50000, 50000)",0.5,50000,50000,cpu,heter,float,True,13.664484024047852,13.058662414550781,13.65804672241211,13.740777969360352,13.883829116821289,13.37742805480957,12.867212295532227,13.585090637207031,14.182567596435547,13.664960861206055,474.6372699737549,475.24166107177734,471.1651802062988,497.12419509887695,545.3813076019287,483.54029655456543,606.9769859313965,523.1642723083496,582.3192596435547,476.72319412231445
"(50000, 50000)",0.5,50000,50000,cpu,heter,float,False,136.69562339782715,136.3847255706787,135.34045219421387,136.0912322998047,135.0271701812744,137.05158233642578,139.19496536254883,140.49816131591797,141.1881446838379,139.8143768310547,1655.752182006836,1651.1619091033936,1654.1378498077393,1655.7860374450684,1651.2961387634277,1655.012607574463,1655.3282737731934,1657.088279724121,1655.0250053405762,1655.8899879455566
